Charge Code,Operator,POR Country,POD Country,POR City,POD City,Cargo Type,OOG,Hazardous,Commodity Code,Origin Service Mode,Destination Service,Service Contract,Booked By,Contractual Customer,Shipper,Consignee,Outward Forwarder,Transport Document Receiver,Named Account,First Notify Party,Release to Party,Import Demurrage Payer,Import Detention Payer,BAS Pay Term,Switched Shipper,Switched Consignee,Financial Country,Responsible Country,Cost Description,Lawful Bl Holder,Valid From,Valid To,Decider Priority,Payment Term,Invoice Party,Credit Party,CBU,CBU ID,Rule ID,Count (Business Comments),Priority (Business Comment)
WDF,MSL,AE,AE,,,,,,,,,,,,,,,,,,,,,,,,,,,,,,,COLLECT,,10000007951,,,,,
EHI,MSL,DE,GB,,,,,,,,,,,,,,,,,,,,,,,,,,,,,,,,,,,,,,
WDF,MSL,GB,DE,,,,,,,,,,,,,,,,,,,,,,,,,,,,,,,COLLECT,,,,,,,
WDF,MSL,GB,PL,,,,,,,,,,,,,,,,,,,,,,,,,,,,,,,COLLECT,10000007950,10000007951,Maersk Line Denmark,,,,
EHI,MSL,PL,KL,,,,,,,,,,,,,,,,,,,,,,,,,,,,,,,PREPAID,10000007951,10000007950,Maersk Line Denmark,,,,
WDF,MSL,US,KL,,,,,,,,,,,,,,,,,,,,,,,,,,,,,,,PREPAID,10000007951,10000007951,Maersk Line Denmark,,,,
PIC,MCC,AU,PP,,,,,,,,,,,40948745513,,,,,,,,,,,,,,,,,01/01/10,12/31/2099,,COLLECT,102-1292,102-1292,Maersk Sverige AB -Gothenburg,1526,,,
PIC,MSL,DE,,,,,,,,,,,,123456661,,,,,,,,,,,,,,,,,,,99999,COLLECT,,,,1522,,,
PIC,MCC,BD,,,,,,,,,,,,40948745513,,,,,,,,,,,,,,,,,01/01/10,12/31/2099,,COLLECT,10200022130,10200022130,Maersk Sverige AB -Gothenburg,1526,,,
PIC,MCC,DE,JP,,,,,,,,,297945632,1071271,1071271,,,,,,,,,,,,,,,,,01/01/10,12/31/2099,,PREPAID,1071271,1071271,Maersk Deutschland (Hamburg),1548,,,
PIC,MCC,LK,,,,,,,,,,,,40948745513,,,,,,,,,,,,,,,,,01/01/10,12/31/2099,,COLLECT,10200022130,10200022130,Maersk Sverige AB -Gothenburg,1526,,,
PIC,MCC,MY,AU,,,,,,,,,,,40948745513,,,,,,,,,,,,,,,,,01/01/10,12/31/2099,,COLLECT,10200022130,10200022130,Maersk Sverige AB -Gothenburg,1526,,,
PIC,MCC,MY,,,,,,,,,,,,40948745513,,,,,,,,,,,,,,,,,01/01/10,12/31/2099,,COLLECT,102-1292,102-1292,Maersk Sverige AB -Gothenburg,1526,,,
PIC,MCC,NL,JP,,,,,,,,,297945632,1071271,1071271,,,,,,,,,,,,,,,,,01/01/10,12/31/2099,,PREPAID,1071271,1071271,Maersk Deutschland (Hamburg),1548,,,
PIC,MCC,NL,,,,,,,,,,,,40948745513,,,,,,,,,,,,,,,,,01/01/10,12/31/2099,,COLLECT,102-1292,102-1292,Maersk Sverige AB -Gothenburg,1526,,,
PIC,MCC,RO,,,,,,,,,,,,40948745513,,,,,,,,,,,,,,,,,01/01/10,12/31/2099,,COLLECT,102-1292,102-1292,Maersk Sverige AB -Gothenburg,1526,,,
PIC,MCC,SG,AU,,,,,,,,,,,40948745513,,,,,,,,,,,,,,,,,01/01/10,12/31/2099,,COLLECT,10200022130,10200022130,Maersk Sverige AB -Gothenburg,1526,,,
PIC,MCC,SG,,,,,,,,,,,,40948745513,,,,,,,,,,,,,,,,,01/01/10,12/31/2099,,COLLECT,102-1292,102-1292,Maersk Sverige AB -Gothenburg,1526,,,
PIC,MCC,SI,JP,,,,,,,,,297945632,1071271,1071271,,,,,,,,,,,,,,,,,01/01/10,12/31/2099,,PREPAID,1071271,1071271,Maersk Deutschland (Hamburg),1548,,,
PIC,MSL,AT,,,,DRY,,,,,,,,10200004145,,,,,,,,,,,,,,,,,01/01/10,12/31/2099,,PREPAID,1281317,1281317,Maersk Sverige AB -Gothenburg,1526,,,
PIC,MSL,AU,,,,,,,,,,,,1283792,,,,,,,,,,,,,,,,,01/01/10,12/31/2099,,PREPAID,43200059107,43200059107,Maersk Singapore Pte. Ltd,19,,,
PIC,MSL,AU,,,,,,,,,,,,40948745513,,,,,,,,,,,,,,,,,01/01/10,12/31/2099,,COLLECT,102-1292,102-1292,Maersk Sverige AB -Gothenburg,1526,,,
PIC,MSL,BD,,,,,,,,,,,,11300835351,,33102643586,,,,,,,,,,,,,,,01/01/10,12/31/2099,,PREPAID,1283386,1283386,Maersk Switzerland (Zurich),1588,,,
PIC,MSL,BD,,,,,,,,,,,,12800037419,,33102643586,,,,,,,,,,,,,,,01/01/10,12/31/2099,,PREPAID,1283386,1283386,Maersk Switzerland (Zurich),1588,,,
PIC,MSL,BD,,,,,,,,,,,,40948745513,,,,,,,,,,,,,,,,,01/01/10,12/31/2099,,COLLECT,10200022130,10200022130,Maersk Sverige AB -Gothenburg,1526,,,
PIC,MSL,BE,MX,,,,,,,,,292317971,11301566,11301566,11301566,,,,,,,,,,,,,,,,01/01/10,12/31/2099,,PREPAID,11301566,11301566,Maersk Deutschland (Hamburg),1548,,,
PIC,MSL,BE,US,,,,,,,,,7910445,11301565,11301565,11301565,,,,,,,,,,,,,,,,01/01/10,12/31/2099,,PREPAID,11301565,11301565,Maersk Deutschland (Hamburg),1548,,,
PIC,MSL,BE,US,,,,,,,,,7910445,11301565,33101082974,11301565,,,,,,,,,,,,,,,,01/01/10,12/31/2099,,PREPAID,11301565,11301565,Maersk Deutschland (Hamburg),1548,,,
PIC,MSL,BE,US,,,,,,,,,7910445,11301566,11301566,11301566,,,,,,,,,,,,,,,,01/01/10,12/31/2099,,PREPAID,11301565,11301565,Maersk Deutschland (Hamburg),1548,,,
PIC,MSL,BE,US,,,,,,,,,7910445,11301566,33101082974,11301566,,,,,,,,,,,,,,,,01/01/10,12/31/2099,,PREPAID,11301565,11301565,Maersk Deutschland (Hamburg),1548,,,
PIC,MSL,BE,US,,,,,,,,,,,41519431TYO,10890000079,331S4000825,,,,,,,,,,,,,,,01/01/10,12/31/2099,,PREPAID,10890000079,10890000079,Maersk Benelux (Antwerp),1532,,,
PIC,MSL,BE,,,,DRY,,,,,,,,10200004145,,,,,,,,,,,,,,,,,01/01/10,12/31/2099,,PREPAID,1281317,1281317,Maersk Sverige AB -Gothenburg,1526,,,
PIC,MSL,BE,,,,,,,,,,,10820180083,11301638,,,,,,,,,,PREPAID,,,,,,,01/01/10,12/31/2099,,PREPAID,10820180083,10820180083,Maersk Benelux (Antwerp),1532,,,
PIC,MSL,CN,MX,,,,,,,,,,40602984SZH,331C8017114,,,,,,,,,,COLLECT,,,,,,,01/01/10,12/31/2099,,COLLECT,32300131583,32300131583,Maersk Mexico (Mexico City),1712,,,
PIC,MSL,CN,MX,,,,,,,,,,40614381SGH,331C8017114,,,,,,,,,,COLLECT,,,,,,,01/01/10,12/31/2099,,COLLECT,32300131583,32300131583,Maersk Mexico (Mexico City),1712,,,
PIC,MSL,CN,MX,,,,,,,,,,40614381SGH,331C8017114,,,,,,,,,,PREPAID,,,,,,,01/01/10,12/31/2099,,PREPAID,43200663SIN,43200663SIN,Maersk Singapore Pte. Ltd,19,,,
PIC,MSL,CN,MX,,,,,,,,,,40900048307,331C8017114,,,,,,,,,,COLLECT,,,,,,,01/01/10,12/31/2099,,COLLECT,32300131583,32300131583,Maersk Mexico (Mexico City),1712,,,
PIC,MSL,CN,MX,,,,,,,,,,,331C8017114,,,,,,,,,,COLLECT,,,,,,,01/01/10,12/31/2099,,COLLECT,32300131583,32300131583,Maersk Mexico (Mexico City),1712,,,
PIC,MSL,CN,PA,,,,,,,,,,40602984SZH,331C8017114,,,,,,,,,,COLLECT,,,,,,,01/01/10,12/31/2099,,COLLECT,331C8017114,331C8017114,"Maersk Agency U.S.A., Inc - Charlotte",1729,,,
PIC,MSL,CN,US,,,,,,,,,,,331C3002603,,331C3002603,,40600095821,,,,,,,,,,,,,01/01/10,12/31/2099,,COLLECT,331C3002603,331C3002603,Maersk Inc - Charlotte,1729,,,
PIC,MSL,CN,,,,,,,,,,,,11300835351,,33102643586,,,,,,,,,,,,,,,01/01/10,12/31/2099,,PREPAID,1283386,1283386,Maersk Switzerland (Zurich),1588,,,
PIC,MSL,CN,,,,,,,,,,,,1283792,,,,,,,,,,,,,,,,,01/01/10,12/31/2099,,PREPAID,43200059107,43200059107,Maersk Singapore Pte. Ltd,19,,,
PIC,MSL,DE,AU,,,,,,,,,294962298,11317428,11317428,,,,,,,,,,,,,,,,,01/01/10,12/31/2099,,PREPAID,11300066801,11300066801,Maersk Deutschland (Hamburg),1548,,,
PIC,MSL,DE,CN,,,,,,,,,294962298,11317428,11317428,,,,,,,,,,,,,,,,,01/01/10,12/31/2099,,PREPAID,11300066801,11300066801,Maersk Deutschland (Hamburg),1548,,,
PIC,MSL,DE,IN,,,,,,,,,294839178,11317428,11317428,,,,,,,,,,,,,,,,,01/01/10,12/31/2099,,PREPAID,11300066801,11300066801,Maersk Deutschland (Hamburg),1548,,,
PIC,MSL,DE,JP,,,,,,,,,297945632,1071271,1071271,,,,,,,,,,,,,,,,,01/01/10,12/31/2099,,PREPAID,1071271,1071271,Maersk Deutschland (Hamburg),1548,,,
PIC,MSL,DE,MY,,,,,,,,,294962298,11317428,11317428,,,,,,,,,,,,,,,,,01/01/10,12/31/2099,,PREPAID,11300066801,11300066801,Maersk Deutschland (Hamburg),1548,,,
PIC,MSL,DE,US,,,,,,,,,7910445,11301565,11301565,11301565,,,,,,,,,PREPAID,,,,,,,01/01/10,12/31/2099,,PREPAID,11301565,11301565,Maersk Deutschland (Hamburg),1548,,,
PIC,MSL,DE,US,,,,,,,,,7910445,11301565,11301565,11301565,,,,,,,,,,,,,,,,01/01/10,12/31/2099,,PREPAID,11301565,11301565,Maersk Deutschland (Hamburg),1548,,,
PIC,MSL,DE,US,,,,,,,,,7910445,11301565,33101082974,11301565,,,,,,,,,,,,,,,,01/01/10,12/31/2099,,PREPAID,11301565,11301565,Maersk Deutschland (Hamburg),1548,,,
PIC,MSL,DE,US,,,,,,,,,7910445,11301566,11301566,11301566,,,,,,,,,,,,,,,,01/01/10,12/31/2099,,PREPAID,11301565,11301565,Maersk Deutschland (Hamburg),1548,,,
PIC,MSL,DE,US,,,,,,,,,7910445,11301566,33101082974,11301566,,,,,,,,,,,,,,,,01/01/10,12/31/2099,,PREPAID,11301565,11301565,Maersk Deutschland (Hamburg),1548,,,
PIC,MSL,DE,,,,DRY,,,,,,,,10200004145,,,,,,,,,,,,,,,,,01/01/10,12/31/2099,,PREPAID,1281317,1281317,Maersk Sverige AB -Gothenburg,1526,,,
PIC,MSL,DE,,,,,,,,SD,CY,,,118006459,,,,,,,,,,,,,,,,,01/01/10,12/31/2099,,COLLECT,1287908,1287908,Maersk Italia (Genoa),1558,,,
PIC,MSL,DE,,,,,,,,SD,SD,,,118006459,,,,,,,,,,,,,,,,,01/01/10,12/31/2099,,PREPAID,1287908,1287908,Maersk Italia (Genoa),1558,,,
PIC,MSL,DE,,,,,,,,,,292268454,11300080316,41513033TYO,,,,,,,,,,,,,,,,,01/01/10,12/31/2099,,COLLECT,41513033TYO,41513033TYO,Maersk Line Japan (Tokyo),1942,,,
PIC,MSL,DE,,,,,,,,,,94659700,12233679,11100027465,11300250419,,,,,,,,,,,,,,,,01/01/10,12/31/2099,,PREPAID,11300250419,11300250419,Maersk Deutschland (Hamburg),1548,,,
PIC,MSL,DE,,,,,,,,,,,11300001,11300001,,,,,,,,,,,,,,,,,01/01/10,12/31/2099,,PREPAID,12200258837,12200258837,Maersk Benelux (Rotterdam),1562,,,
PIC,MSL,DE,,,,,,,,,,,11300766340,11317428,,,,,,,,,,,,,,,,,01/01/10,12/31/2099,,PREPAID,11300766340,11300766340,Maersk Deutschland (Hamburg),1548,,,
PIC,MSL,DE,,,,,,,,,,,11301565,11317428,11317428,,,,,,,,,,,,,,,,01/01/10,12/31/2099,,PREPAID,11300066801,11300066801,Maersk Deutschland (Hamburg),1548,,,
PIC,MSL,DE,,,,,,,,,,,11311750,24030000110,,,,,,,,,,,,,,,,,01/01/10,12/31/2099,,PREPAID,11311750,11311750,Maersk Deutschland (Hamburg),1548,,,
PIC,MSL,DE,,,,,,,,,,,11600007720,1282006,,,,,,,,,,,,,,,,,01/01/10,12/31/2099,,PREPAID,12800157843,12800157843,Maersk Switzerland (Zurich),1588,,,
PIC,MSL,DE,,,,,,,,,,,14800012010,10800020572,,,,,,,,,,,,,,,,,01/01/10,12/31/2099,,PREPAID,11300164379,11300164379,Maersk Benelux (Antwerp),1532,,,
PIC,MSL,DE,,,,,,,,,,,,40948745513,,,,,,,,,,,,,,,,,01/01/10,12/31/2099,,PREPAID,102-1292,102-1292,Maersk Sverige AB -Gothenburg,1526,,,
PIC,MSL,DJ,,,,,,,,,,,,40948745513,,,,,,,,,,,,,,,,,01/01/10,12/31/2099,,PREPAID,21300000483,21300000483,Maersk Djibouti Sarl (MSL),31,,,
PIC,MSL,EG,,,,,,,,,,,,10200004145,,,,,,,,,,,,,,,,,01/01/10,12/31/2099,,PREPAID,10200259623,10200259623,Maersk Sverige AB -Gothenburg,1526,,,
PIC,MSL,ES,,,,,,,,,,,124003166,418770268HD,,418F07503,,,,,,,,,,,,,,,01/01/10,12/31/2099,,PREPAID,124003166,124003166,Maersk Portugal Lda - Lisbon,1566,,,
PIC,MSL,FR,GP,,,,,,,,,,111132373,111132373,,,,,,,,,,PREPAID,,,,,,,01/01/10,12/31/2099,,PREPAID,111132373,111132373,Maersk France (Le Havre),1536,,,
PIC,MSL,FR,MQ,,,,,,,,,,111132373,111132373,,,,,,,,,,PREPAID,,,,,,,01/01/10,12/31/2099,,PREPAID,111132373,111132373,Maersk France (Le Havre),1536,,,
PIC,MSL,FR,,,,,,,,,,,111154911,111154911,11100065393,,,,,,,,,PREPAID,,,,,,,01/01/10,12/31/2099,,PREPAID,111154911,111154911,Maersk France (Le Havre),1536,,,
PIC,MSL,FR,,,,,,,,,,,,10200004145,,,,,,,,,,,,,,,,,01/01/10,12/31/2099,,PREPAID,10200259623,10200259623,Maersk Sverige Ab -Gothenbourg,1526,,,
PIC,MSL,GB,,,,,,,,SD,CY,,,118006459,,,,,,,,,,,,,,,,,01/01/10,12/31/2099,,PREPAID,1287908,1287908,Maersk Italia (Genoa),1558,,,
PIC,MSL,GB,,,,,,,,SD,SD,,,118006459,,,,,,,,,,,,,,,,,01/01/10,12/31/2099,,PREPAID,1287908,1287908,Maersk Italia (Genoa),1558,,,
PIC,MSL,HK,,,,,,,,,,,,1283792,,,,,,,,,,,,,,,,,01/01/10,12/31/2099,,PREPAID,43200059107,43200059107,Maersk Singapore Pte. Ltd,19,,,
PIC,MSL,ID,,,,,,,,SD,CY,,,118006459,,,,,,,,,,,,,,,,,01/01/10,12/31/2099,,PREPAID,1287908,1287908,Maersk Italia (Genoa),1558,,,
PIC,MSL,ID,,,,,,,,SD,SD,,,118006459,,,,,,,,,,,,,,,,,01/01/10,12/31/2099,,PREPAID,1287908,1287908,Maersk Italia (Genoa),1558,,,
PIC,MSL,ID,,,,,,,,,,,,1283792,,,,,,,,,,,,,,,,,01/01/10,12/31/2099,,PREPAID,43200059107,43200059107,Maersk Singapore Pte. Ltd,19,,,
PIC,MSL,IN,,,,,,,,,,,41000053852,10000080491,,,,,,,,,,,,,,,,,01/01/10,12/31/2099,,PREPAID,41000053852,41000053852,Maersk India Ltd (Mumbai),2412,,,
PIC,MSL,IN,,,,,,,,,,,41000053852,100108081,,,,,,,,,,,,,,,,,01/01/10,12/31/2099,,PREPAID,41000053852,41000053852,Maersk India Ltd (Mumbai),2412,,,
PIC,MSL,IN,,,,,,,,,,,41000053852,10100004739,,,,,,,,,,,,,,,,,01/01/10,12/31/2099,,PREPAID,41000053852,41000053852,Maersk India Ltd (Mumbai),2412,,,
PIC,MSL,IN,,,,,,,,,,,41000053852,10200190464,,,,,,,,,,,,,,,,,01/01/10,12/31/2099,,PREPAID,41000053852,41000053852,Maersk India Ltd (Mumbai),2412,,,
PIC,MSL,IN,,,,,,,,,,,41000053852,11100183314,,,,,,,,,,,,,,,,,01/01/10,12/31/2099,,PREPAID,41000053852,41000053852,Maersk India Ltd (Mumbai),2412,,,
PIC,MSL,IN,,,,,,,,,,,41000053852,12700253334,,,,,,,,,,,,,,,,,01/01/10,12/31/2099,,PREPAID,41000053852,41000053852,Maersk India Ltd (Mumbai),2412,,,
PIC,MSL,IN,,,,,,,,,,,41000053852,127MAD01740,,,,,,,,,,,,,,,,,01/01/10,12/31/2099,,PREPAID,41000053852,41000053852,Maersk India Ltd (Mumbai),2412,,,
PIC,MSL,IN,,,,,,,,,,,41000053852,13000317085,,,,,,,,,,,,,,,,,01/01/10,12/31/2099,,PREPAID,41000053852,41000053852,Maersk India Ltd (Mumbai),2412,,,
PIC,MSL,IN,,,,,,,,,,,41000053852,13000534165,,,,,,,,,,,,,,,,,01/01/10,12/31/2099,,PREPAID,41000053852,41000053852,Maersk India Ltd (Mumbai),2412,,,
PIC,MSL,IN,,,,,,,,,,,41000053852,13000545933,,,,,,,,,,,,,,,,,01/01/10,12/31/2099,,PREPAID,41000053852,41000053852,Maersk India Ltd (Mumbai),2412,,,
PIC,MSL,IN,,,,,,,,,,,41000053852,13001601401,,,,,,,,,,,,,,,,,01/01/10,12/31/2099,,PREPAID,41000053852,41000053852,Maersk India Ltd (Mumbai),2412,,,
PIC,MSL,IN,,,,,,,,,,,41000053852,130LDN37151,,,,,,,,,,,,,,,,,01/01/10,12/31/2099,,PREPAID,41000053852,41000053852,Maersk India Ltd (Mumbai),2412,,,
PIC,MSL,IN,,,,,,,,,,,41000053852,130LDN4653,,,,,,,,,,,,,,,,,01/01/10,12/31/2099,,PREPAID,41000053852,41000053852,Maersk India Ltd (Mumbai),2412,,,
PIC,MSL,IN,,,,,,,,,,,41000053852,30500357349,,,,,,,,,,,,,,,,,01/01/10,12/31/2099,,PREPAID,41000053852,41000053852,Maersk India Ltd (Mumbai),2412,,,
PIC,MSL,IN,,,,,,,,,,,41000053852,30600197080,,,,,,,,,,,,,,,,,01/01/10,12/31/2099,,PREPAID,41000053852,41000053852,Maersk India Ltd (Mumbai),2412,,,
PIC,MSL,IN,,,,,,,,,,,41000053852,33100570950,,,,,,,,,,,,,,,,,01/01/10,12/31/2099,,PREPAID,41000053852,41000053852,Maersk India Ltd (Mumbai),2412,,,
PIC,MSL,IN,,,,,,,,,,,41000053852,33101143459,,,,,,,,,,,,,,,,,01/01/10,12/31/2099,,PREPAID,41000053852,41000053852,Maersk India Ltd (Mumbai),2412,,,
PIC,MSL,IN,,,,,,,,,,,41000053852,33102569075,,,,,,,,,,,,,,,,,01/01/10,12/31/2099,,PREPAID,41000053852,41000053852,Maersk India Ltd (Mumbai),2412,,,
PIC,MSL,IN,,,,,,,,,,,41000053852,33148743688,,,,,,,,,,,,,,,,,01/01/10,12/31/2099,,PREPAID,41000053852,41000053852,Maersk India Ltd (Mumbai),2412,,,
PIC,MSL,IN,,,,,,,,,,,41000053852,331C5003845,,,,,,,,,,,,,,,,,01/01/10,12/31/2099,,PREPAID,41000053852,41000053852,Maersk India Ltd (Mumbai),2412,,,
PIC,MSL,IN,,,,,,,,,,,41000053852,331C5020145,,,,,,,,,,,,,,,,,01/01/10,12/31/2099,,PREPAID,41000053852,41000053852,Maersk India Ltd (Mumbai),2412,,,
PIC,MSL,IN,,,,,,,,,,,41000053852,331C8011818,,,,,,,,,,,,,,,,,01/01/10,12/31/2099,,PREPAID,41000053852,41000053852,Maersk India Ltd (Mumbai),2412,,,
PIC,MSL,IN,,,,,,,,,,,41000053852,331N8001918,,,,,,,,,,,,,,,,,01/01/10,12/31/2099,,PREPAID,41000053852,41000053852,Maersk India Ltd (Mumbai),2412,,,
PIC,MSL,IN,,,,,,,,,,,41000053852,50000323182,,,,,,,,,,,,,,,,,01/01/10,12/31/2099,,PREPAID,41000053852,41000053852,Maersk India Ltd (Mumbai),2412,,,
PIC,MSL,IN,,,,,,,,,,,41000053852,50048810696,,,,,,,,,,,,,,,,,01/01/10,12/31/2099,,PREPAID,41000053852,41000053852,Maersk India Ltd (Mumbai),2412,,,
PIC,MSL,IN,,,,,,,,,,,41000875141,33100570950,,,,,,,,,,,,,,,,,01/01/10,12/31/2099,,PREPAID,41000053852,41000053852,Maersk India Ltd (Mumbai),2412,,,
PIC,MSL,IN,,,,,,,,,,,41002270682,331C5020145,,,,,,,,,,,,,,,,,01/01/10,12/31/2099,,PREPAID,41000053852,41000053852,Maersk India Ltd (Mumbai),2412,,,
PIC,MSL,IN,,,,,,,,,,,,11300835351,,33102643586,,,,,,,,,,,,,,,01/01/10,12/31/2099,,PREPAID,1283386,1283386,Maersk Switzerland (Zurich),1588,,,
PIC,MSL,IN,,,,,,,,,,,,12800037419,,33102643586,,,,,,,,,,,,,,,01/01/10,12/31/2099,,PREPAID,1283386,1283386,Maersk Switzerland (Zurich),1588,,,
PIC,MSL,IT,CN,,,,,,,,,294962298,11317428,11317428,,,,,,,,,,,,,,,,,01/01/10,12/31/2099,,PREPAID,11600088326,11600088326,Maersk Hungary (Budapest),1554,,,
PIC,MSL,IT,,,,,,,,SD,CY,,,118006459,,,,,,,,,,,,,,,,,01/01/10,12/31/2099,,PREPAID,1287908,1287908,Maersk Italia (Genoa),1558,,,
PIC,MSL,IT,,,,,,,,SD,SD,,,118006459,,,,,,,,,,,,,,,,,01/01/10,12/31/2099,,PREPAID,1287908,1287908,Maersk Italia (Genoa),1558,,,
PIC,MSL,IT,,,,,,,,,,25785897,111170037,111030945,,,,,,,,,,PREPAID,,,,,,,01/01/10,12/31/2099,,PREPAID,118005592,118005592,Maersk Italia (Genoa),1558,,,
PIC,MSL,JP,,,,,,,,,,,,1283792,,,,,,,,,,,,,,,,,01/01/10,12/31/2099,,PREPAID,43200059107,43200059107,Maersk Singapore Pte. Ltd,19,,,
PIC,MSL,KH,,,,,,,,,,,,11300835351,,33102643586,,,,,,,,,,,,,,,01/01/10,12/31/2099,,PREPAID,1283386,1283386,Maersk Switzerland (Zurich),1588,,,
PIC,MSL,KH,,,,,,,,,,,,12800037419,,33102643586,,,,,,,,,,,,,,,01/01/10,12/31/2099,,PREPAID,1283386,1283386,Maersk Switzerland (Zurich),1588,,,
PIC,MSL,KR,,,,,,,,,,,,11300835351,,33102643586,,,,,,,,,,,,,,,01/01/10,12/31/2099,,PREPAID,1283386,1283386,Maersk Switzerland (Zurich),1588,,,
PIC,MSL,KR,,,,,,,,,,,,12800037419,,33102643586,,,,,,,,,,,,,,,01/01/10,12/31/2099,,PREPAID,1283386,1283386,Maersk Switzerland (Zurich),1588,,,
PIC,MSL,KR,,,,,,,,,,,,1283792,,,,,,,,,,,,,,,,,01/01/10,12/31/2099,,PREPAID,43200059107,43200059107,Maersk Singapore Pte. Ltd,19,,,
PIC,MSL,LK,,,,,,,,,,,,11300835351,,33102643586,,,,,,,,,,,,,,,01/01/10,12/31/2099,,PREPAID,1283386,1283386,Maersk Switzerland (Zurich),1588,,,
PIC,MSL,LK,,,,,,,,,,,,12800037419,,33102643586,,,,,,,,,,,,,,,01/01/10,12/31/2099,,PREPAID,1283386,1283386,Maersk Switzerland (Zurich),1588,,,
PIC,MSL,LK,,,,,,,,,,,,40948745513,,,,,,,,,,,,,,,,,01/01/10,12/31/2099,,COLLECT,10200022130,10200022130,Maersk Sverige AB -Gothenburg,1526,,,
PIC,MSL,MA,,,,,,,,,,,22900040920,,,,,,,,,,,,,,,,,,01/01/10,12/31/2099,,PREPAID,22900063401,22900063401,Maersk Maroc SA (Casablanca),1650,,,
PIC,MSL,MA,,,,,,,,,,,22900042516,,,,,,,,,,,,,,,,,,01/01/10,12/31/2099,,PREPAID,22900042516,22900042516,Maersk Maroc SA (Casablanca),1650,,,
PIC,MSL,MA,,,,,,,,,,,22900059158,,,,,,,,,,,,,,,,,,01/01/10,12/31/2099,,PREPAID,22900065997,22900065997,Maersk Maroc SA (Casablanca),1650,,,
PIC,MSL,MA,,,,,,,,,,,22900063401,,,,,,,,,,,,,,,,,,01/01/10,12/31/2099,,PREPAID,22900063401,22900063401,Maersk Maroc SA (Casablanca),1650,,,
PIC,MSL,MA,,,,,,,,,,,22900065997,,,,,,,,,,,,,,,,,,01/01/10,12/31/2099,,PREPAID,22900065997,22900065997,Maersk Maroc SA (Casablanca),1650,,,
PIC,MSL,MA,,,,,,,,,,,22900070965,,,,,,,,,,,,,,,,,,01/01/10,12/31/2099,,PREPAID,229AGD00264,229AGD00264,Maersk Maroc SA (Casablanca),1650,,,
PIC,MSL,MA,,,,,,,,,,,22900079935,,,,,,,,,,,,,,,,,,01/01/10,12/31/2099,,PREPAID,229AGD00120,229AGD00120,Maersk Maroc SA (Casablanca),1650,,,
PIC,MSL,MA,,,,,,,,,,,22900086648,,,,,,,,,,,,,,,,,,01/01/10,12/31/2099,,PREPAID,229TNG00131,229TNG00131,Maersk Maroc SA (Casablanca),1650,,,
PIC,MSL,MA,,,,,,,,,,,22900091498,,,,,,,,,,,,,,,,,,01/01/10,12/31/2099,,PREPAID,229AGD00264,229AGD00264,Maersk Maroc SA (Casablanca),1650,,,
PIC,MSL,MA,,,,,,,,,,,22900191680,,,,,,,,,,,,,,,,,,01/01/10,12/31/2099,,PREPAID,22900042516,22900042516,Maersk Maroc SA (Casablanca),1650,,,
PIC,MSL,MA,,,,,,,,,,,229AGD00120,,,,,,,,,,,,,,,,,,01/01/10,12/31/2099,,PREPAID,229AGD00120,229AGD00120,Maersk Maroc SA (Casablanca),1650,,,
PIC,MSL,MA,,,,,,,,,,,229AGD00264,,,,,,,,,,,,,,,,,,01/01/10,12/31/2099,,PREPAID,229AGD00264,229AGD00264,Maersk Maroc SA (Casablanca),1650,,,
PIC,MSL,MA,,,,,,,,,,,229TNG00131,,,,,,,,,,,,,,,,,,01/01/10,12/31/2099,,PREPAID,229TNG00131,229TNG00131,Maersk Maroc SA (Casablanca),1650,,,
PIC,MSL,MG,,,,,,,,,,,22400005784,22800001932,,,,,,,,,,,,,,,,,01/01/10,12/31/2099,,PREPAID,22400005784,22400005784,Maersk Madagascar SA,2692,,,
PIC,MSL,MG,,,,,,,,,,,22400005784,,,,,,,,,,,,,,,,,,01/01/10,12/31/2099,,PREPAID,22400005784,22400005784,Maersk Madagascar SA,2692,,,
PIC,MSL,MM,,,,,,,,,,,,11300835351,,33102643586,,,,,,,,,,,,,,,01/01/10,12/31/2099,,PREPAID,1283386,1283386,Maersk Switzerland (Zurich),1588,,,
PIC,MSL,MM,,,,,,,,,,,,12800037419,,33102643586,,,,,,,,,,,,,,,01/01/10,12/31/2099,,PREPAID,1283386,1283386,Maersk Switzerland (Zurich),1588,,,
PIC,MSL,MM,,,,,,,,,,,,1283792,,,,,,,,,,,,,,,,,01/01/10,12/31/2099,,PREPAID,43200059107,43200059107,Maersk Singapore Pte. Ltd,19,,,
PIC,MSL,MY,AU,,,,,,,,,,,40948745513,,,,,,,,,,,,,,,,,01/01/10,12/31/2099,,COLLECT,10200022130,10200022130,Maersk Sverige AB -Gothenburg,1526,,,
PIC,MSL,MY,,,,,,,,,,,,1283792,,,,,,,,,,,,,,,,,01/01/10,12/31/2099,,PREPAID,43200059107,43200059107,Maersk Singapore Pte. Ltd,19,,,
PIC,MSL,MY,,,,,,,,,,,,40948745513,,,,,,,,,,,,,,,,,01/01/10,12/31/2099,,COLLECT,102-1292,102-1292,Maersk Sverige AB -Gothenburg,1526,,,
PIC,MSL,NL,AU,,,,,,,,,294962298,11317428,11317428,,,,,,,,,,,,,,,,,01/01/10,12/31/2099,,PREPAID,11300221104,11300221104,Maersk Deutschland (Hamburg),1548,,,
PIC,MSL,NL,CN,,,,,,,,,294962298,11317428,11317428,,,,,,,,,,,,,,,,,01/01/10,12/31/2099,,PREPAID,11300221104,11300221104,Maersk Deutschland (Hamburg),1548,,,
PIC,MSL,NL,CN,,,,,,,,,,12200085435,12200085435,,,,,,,,,,PREPAID,,,,,,,01/01/10,12/31/2099,,PREPAID,33100663513,33100663513,Maersk Benelux (Rotterdam),1562,,,
PIC,MSL,NL,IN,,,,,,,,,294839178,11317428,11317428,,,,,,,,,,,,,,,,,01/01/10,12/31/2099,,PREPAID,11300221104,11300221104,Maersk Deutschland (Hamburg),1548,,,
PIC,MSL,NL,JP,,,,,,,,,297945632,1071271,1071271,,,,,,,,,,,,,,,,,01/01/10,12/31/2099,,PREPAID,1071271,1071271,Maersk Deutschland (Hamburg),1548,,,
PIC,MSL,NL,MY,,,,,,,,,294962298,11317428,11317428,,,,,,,,,,,,,,,,,01/01/10,12/31/2099,,PREPAID,11300221104,11300221104,Maersk Deutschland (Hamburg),1548,,,
PIC,MSL,NL,US,,,,,,,,,7910445,11301565,11301565,11301565,,,,,,,,,,,,,,,,01/01/10,12/31/2099,,PREPAID,11301565,11301565,Maersk Deutschland (Hamburg),1548,,,
PIC,MSL,NL,US,,,,,,,,,7910445,11301565,33101082974,11301565,,,,,,,,,,,,,,,,01/01/10,12/31/2099,,PREPAID,11301565,11301565,Maersk Deutschland (Hamburg),1548,,,
PIC,MSL,NL,US,,,,,,,,,7910445,11301566,11301566,11301566,,,,,,,,,,,,,,,,01/01/10,12/31/2099,,PREPAID,11301565,11301565,Maersk Deutschland (Hamburg),1548,,,
PIC,MSL,NL,US,,,,,,,,,7910445,11301566,33101082974,11301566,,,,,,,,,,,,,,,,01/01/10,12/31/2099,,PREPAID,11301565,11301565,Maersk Deutschland (Hamburg),1548,,,
PIC,MSL,NL,US,,,,,,,,,,11300194222,11310015,,,,,,,,,,,,,,,,,01/01/10,12/31/2099,,PREPAID,130LPL1,130LPL1,Maersk Line (London),1,,,
PIC,MSL,NL,ZA,,,,,,,,,,11300149,33100161989,,,,,,,,,,,,,,,,,01/01/10,12/31/2099,,PREPAID,11300049304,11300049304,Maersk Deutschland (Hamburg),1548,,,
PIC,MSL,NL,,,,DRY,,,,,,,,10200004145,,,,,,,,,,,,,,,,,01/01/10,12/31/2099,,PREPAID,1281317,1281317,Maersk Sverige AB -Gothenburg,1526,,,
PIC,MSL,NL,,,,,,,,,,,11300020090,12200102490,,,,,,,,,,,,,,,,,01/01/10,12/31/2099,,PREPAID,11300020090,11300020090,Maersk Deutschland (Hamburg),1548,,,
PIC,MSL,NL,,,,,,,,,,,11301565,11317428,11317428,,,,,,,,,,,,,,,,01/01/10,12/31/2099,,PREPAID,11300221104,11300221104,Maersk Deutschland (Hamburg),1548,,,
PIC,MSL,NL,,,,,,,,,,,,40948745513,,,,,,,,,,,,,,,,,01/01/10,12/31/2099,,COLLECT,102-1292,102-1292,Maersk Sverige AB -Gothenburg,1526,,,
PIC,MSL,NZ,,,,,,,,,,,,1283792,,,,,,,,,,,,,,,,,01/01/10,12/31/2099,,PREPAID,43200059107,43200059107,Maersk Singapore Pte. Ltd,19,,,
PIC,MSL,PH,,,,,,,,,,,,11300835351,,33102643586,,,,,,,,,,,,,,,01/01/10,12/31/2099,,PREPAID,1283386,1283386,Maersk Switzerland (Zurich),1588,,,
PIC,MSL,PH,,,,,,,,,,,,12800037419,,33102643586,,,,,,,,,,,,,,,01/01/10,12/31/2099,,PREPAID,1283386,1283386,Maersk Switzerland (Zurich),1588,,,
PIC,MSL,PH,,,,,,,,,,,,1283792,,,,,,,,,,,,,,,,,01/01/10,12/31/2099,,PREPAID,43200059107,43200059107,Maersk Singapore Pte. Ltd,19,,,
PIC,MSL,PK,,,,,,,,,,,,11300835351,,33102643586,,,,,,,,,,,,,,,01/01/10,12/31/2099,,PREPAID,1283386,1283386,Maersk Switzerland (Zurich),1588,,,
PIC,MSL,PK,,,,,,,,,,,,12800037419,,33102643586,,,,,,,,,,,,,,,01/01/10,12/31/2099,,PREPAID,1283386,1283386,Maersk Switzerland (Zurich),1588,,,
PIC,MSL,PK,,,,,,,,,,,,1283792,,,,,,,,,,,,,,,,,01/01/10,12/31/2099,,PREPAID,43200059107,43200059107,Maersk Singapore Pte. Ltd,19,,,
PIC,MSL,PT,,,,,,,,,,,,,,10200004145,,,,,,,,,,,,,,,01/01/10,12/31/2099,,PREPAID,1281317,1281317,Maersk Sverige AB -Gothenburg,1526,,,
PIC,MSL,RO,,,,,,,,SD,CY,,,118006459,,,,,,,,,,,,,,,,,01/01/10,12/31/2099,,PREPAID,1287908,1287908,Maersk Italia (Genoa),1558,,,
PIC,MSL,RO,,,,,,,,SD,SD,,,118006459,,,,,,,,,,,,,,,,,01/01/10,12/31/2099,,PREPAID,1287908,1287908,Maersk Italia (Genoa),1558,,,
PIC,MSL,RO,,,,,,,,,,,,40948745513,,,,,,,,,,,,,,,,,01/01/10,12/31/2099,,COLLECT,102-1292,102-1292,Maersk Sverige AB -Gothenburg,1526,,,
PIC,MSL,RU,,,,,,,,,,,,10200004145,,,,,,,,,,,,,,,,,01/01/10,12/31/2099,,PREPAID,10200259623,10200259623,Maersk Sverige AB -Gothenburg,1526,,,
PIC,MSL,SD,AE,,,,,,,,,,24200144288,24200144288,,,,,,,,,,,,,,,,,01/01/10,12/31/2099,,PREPAID,43600951418,43600951418,Maersk Kanoo LLC (DXB),21,,,
PIC,MSL,SD,AE,,,,,,,,,,24200164726,24200149402,,,,,,,,,,,,,,,,,01/01/10,12/31/2099,,PREPAID,43600950841,43600950841,Maersk Kanoo LLC (DXB),21,,,
PIC,MSL,SD,CN,,,,,,,,,,24200144288,24200144288,,,,,,,,,,,,,,,,,01/01/10,12/31/2099,,PREPAID,43600951418,43600951418,Maersk Kanoo LLC (DXB),21,,,
PIC,MSL,SD,CN,,,,,,,,,,24200164726,24200149402,,,,,,,,,,,,,,,,,01/01/10,12/31/2099,,PREPAID,43600950841,43600950841,Maersk Kanoo LLC (DXB),21,,,
PIC,MSL,SE,,,,,,,,,,,,10200004145,,,,,,,,,,,,,,,,,01/01/10,12/31/2099,,PREPAID,10200259623,10200259623,Maersk Sverige AB -Gothenburg,1526,,,
PIC,MSL,SG,AU,,,,,,,,,,,40948745513,,,,,,,,,,,,,,,,,01/01/10,12/31/2099,,COLLECT,10200022130,10200022130,Maersk Sverige AB -Gothenburg,1526,,,
PIC,MSL,SG,,,,,,,,,,,,1283792,,,,,,,,,,,,,,,,,01/01/10,12/31/2099,,PREPAID,43200059107,43200059107,Maersk Singapore Pte. Ltd,19,,,
PIC,MSL,SG,,,,,,,,,,,,40948745513,,,,,,,,,,,,,,,,,01/01/10,12/31/2099,,COLLECT,102-1292,102-1292,Maersk Sverige AB -Gothenburg,1526,,,
PIC,MSL,SI,JP,,,,,,,,,297945632,1071271,1071271,,,,,,,,,,,,,,,,,01/01/10,12/31/2099,,PREPAID,1071271,1071271,Maersk Deutschland (Hamburg),1548,,,
PIC,MSL,TH,,,,,,,,,,,,11300835351,,33102643586,,,,,,,,,,,,,,,01/01/10,12/31/2099,,PREPAID,1283386,1283386,Maersk Switzerland (Zurich),1588,,,
PIC,MSL,TH,,,,,,,,,,,,12800037419,,33102643586,,,,,,,,,,,,,,,01/01/10,12/31/2099,,PREPAID,1283386,1283386,Maersk Switzerland (Zurich),1588,,,
PIC,MSL,TH,,,,,,,,,,,,1283792,,,,,,,,,,,,,,,,,01/01/10,12/31/2099,,PREPAID,43200059107,43200059107,Maersk Singapore Pte. Ltd,19,,,
PIC,MSL,TR,,,,,,,,,,,,10200004145,,,,,,,,,,,,,,,,,01/01/10,12/31/2099,,PREPAID,10200259623,10200259623,Maersk Sverige AB -Gothenburg,1526,,,
PIC,MSL,TW,,,,,,,,,,,,1283792,,,,,,,,,,,,,,,,,01/01/10,12/31/2099,,PREPAID,43200059107,43200059107,Maersk Singapore Pte. Ltd,19,,,
PIC,MSL,UA,JP,,,,,,,,,,16800055469,1281613,,,,,,,,,,PREPAID,,,,,,,01/01/10,12/31/2099,,PREPAID,16800055469,168015547,Maersk Ukraine Ltd (Odessa),2448,,,
PIC,MSL,US,,,,,,,,SD,,,,102-5883,,,,,,,,,,,,,,,,,01/01/10,12/31/2099,,PREPAID,102-5883,102-5883,Maersk Sverige AB -Gothenburg,1526,,,
PIC,MSL,US,,,,,,,,,,,331FAT2468,,40900349867,,,,,33102410409,,,,,,,,,,,01/01/10,12/31/2099,,PREPAID,33100664925,33100664925,"Maersk Agency U.S.A., Inc - Charlotte",1729,,,
PIC,MSL,US,,,,,,,,,,,331S4020513,,12800003228,,,,,33102410409,,,,,,,,,,,01/01/10,12/31/2099,,PREPAID,33100664925,33100664925,"Maersk Agency U.S.A., Inc - Charlotte",1729,,,
PIC,MSL,US,,,,,,,,,,,331S4020513,,40900349867,,,,,33102410409,,,,,,,,,,,01/01/10,12/31/2099,,PREPAID,33100664925,33100664925,"Maersk Agency U.S.A., Inc - Charlotte",1729,,,
PIC,MSL,US,,,,,,,,,,,331S4020513,,40900350650,,,,,33102410409,,,,,,,,,,,01/01/10,12/31/2099,,PREPAID,33100664925,33100664925,"Maersk Agency U.S.A., Inc - Charlotte",1729,,,
PIC,MSL,US,,,,,,,,,,,,,331S6000023,,,,,,,,,,,,,,,,01/01/10,12/31/2099,,PREPAID,33100963909,33100963909,"Maersk Agency U.S.A., Inc - Charlotte",1729,,,
PIC,MSL,US,,,,,,,,,,,,,409050466HK,,,,,,,,,,,,,,,,01/01/10,12/31/2099,,PREPAID,33100963909,33100963909,"Maersk Agency U.S.A., Inc - Charlotte",1729,,,
PIC,MSL,US,,,,,,,,,,,,,43200104SIN,,,,,,,,,,,,,,,,01/01/10,12/31/2099,,PREPAID,33100963909,33100963909,"Maersk Agency U.S.A., Inc - Charlotte",1729,,,
PIC,MSL,VN,,,,,,,,,,,,11300835351,,33102643586,,,,,,,,,,,,,,,01/01/10,12/31/2099,,PREPAID,1283386,1283386,Maersk Switzerland (Zurich),1588,,,
PIC,MSL,VN,,,,,,,,,,,,12800037419,,33102643586,,,,,,,,,,,,,,,01/01/10,12/31/2099,,PREPAID,1283386,1283386,Maersk Switzerland (Zurich),1588,,,
PIC,MSL,ZA,,,,,,,,,,,24000055845,24000055845,,,,,,,,,,,,,,,,,01/01/10,12/31/2099,,PREPAID,24000055845,24000055845,Maersk South Africa (CPT),1664,,,
PIC,MSL,ZA,,,,,,,,,,,24008003991,,,,,,,,,,,,,,,,,,01/01/10,12/31/2099,,PREPAID,24008003991,24008003991,Maersk South Africa (CPT),1664,,,
PIC,MSL,ZA,,,,,,,,,,,240200516,,,,,,,,,,,,,,,,,,01/01/10,12/31/2099,,PREPAID,240200516,240200516,Maersk South Africa (CPT),1664,,,
PIC,MSL,ZA,,,,,,,,,,,24090000133,24090000133,,,,,,,,,,,,,,,,,01/01/10,12/31/2099,,PREPAID,24090000133,24090000133,Maersk South Africa (CPT),1664,,,
PIC,MSL,,TR,,,,,,,,,,,43200587SIN,,,,,,,,,,PREPAID,,,,,,,01/01/10,12/31/2099,,PREPAID,12900010923,12900010923,Maersk Singapore Pte. Ltd,19,,,
PIC,MSL,,UG,,,,,,,,,,1072146,,,24600002370,,1072146,,,,,,,,,,,,,01/01/10,12/31/2099,,PREPAID,1072146,1072146,Maersk Deutschland (Hamburg),1548,,,
PIC,MSL,,US,,,,,,,,,,1160242,1163019,,,,,,,,,,,,,,,,,01/01/10,12/31/2099,,PREPAID,1160242,1160242,Maersk Hungary (Budapest),1554,,,
PIC,MSL,,,,,,,,,,,181165782,11300194222,130LPL1,,,,,,,,,,,,,,,,,01/01/10,12/31/2099,,PREPAID,130LPL1,130LPL1,Maersk Line (London),1,,,
PIC,MSL,,,,,,,,,,,,1070027,1070027,,,,,,,,,,COLLECT,,,,,,,01/01/10,12/31/2099,,PREPAID,12800149842,12800149842,Maersk Switzerland (Zurich),1588,,,
PIC,MSL,,,,,,,,,,,,1070027,1070027,,,,,,,,,,PREPAID,,,,,,,01/01/10,12/31/2099,,PREPAID,12800149842,12800149842,Maersk Switzerland (Zurich),1588,,,
PIC,MSL,,,,,,,,,,,,111170037,111030945,,,,,,,,,,,,,,,,,01/01/10,12/31/2099,,PREPAID,111170037,111170037,Maersk France (Le Havre),1536,,,
PIC,MSL,,,,,,,,,,,,11300001,11300001,,,10820000575,,,,,,,,,,,,,,01/01/10,12/31/2099,,PREPAID,10820000575,10820000575,Maersk Benelux (Antwerp),1532,,,
PIC,MSL,,,,,,,,,,,,11300001,11300001,,,11301638,,,,,,,PREPAID,,,,,,,01/01/10,12/31/2099,,PREPAID,11301638,11301638,Maersk Deutschland (Hamburg),1548,,,
PIC,MSL,,,,,,,,,,,,11300001,11300001,,,11301638,,,,,,,,,,,,,,01/01/10,12/31/2099,,PREPAID,11301638,11301638,Maersk Deutschland (Hamburg),1548,,,
PIC,MSL,,,,,,,,,,,,11300001,11300001,,,11312233,,,,,,,,,,,,,,01/01/10,12/31/2099,,PREPAID,11312233,11312233,Maersk Deutschland (Hamburg),1548,,,
PIC,MSL,,,,,,,,,,,,11300001,11300001,,,12200258837,,,,,,,,,,,,,,01/01/10,12/31/2099,,PREPAID,12200258837,12200258837,Maersk Benelux (Rotterdam),1562,,,
PIC,MSL,,,,,,,,,,,,11300001,11300001,,,12210800781,,,,,,,,,,,,,,01/01/10,12/31/2099,,PREPAID,12210800781,12210800781,Maersk Benelux (Rotterdam),1562,,,
PIC,MSL,,,,,,,,,,,,11300001,11300001,,,12234246,,,,,,,PREPAID,,,,,,,01/01/10,12/31/2099,,PREPAID,12234246,12234246,Maersk Deutschland (Hamburg),1548,,,
PIC,MSL,,,,,,,,,,,,11300001,11300001,,,1223440,,,,,,,,,,,,,,01/01/10,12/31/2099,,PREPAID,12200258837,12200258837,Maersk Benelux (Rotterdam),1562,,,
PIC,MSL,,,,,,,,,,,,11300001,11300001,,,130LPL679,,,,,,,,,,,,,,01/01/10,12/31/2099,,PREPAID,130LPL679,130LPL679,Maersk Line (London),1,,,
PIC,MSL,,,,,,,,,,,,11300014580,11300098,,,,,,,,,,PREPAID,,,,,,,01/01/10,12/31/2099,,PREPAID,11300014580,11300014580,Maersk Deutschland (Hamburg),1548,,,
PIC,MSL,,,,,,,,,,,,11300020336,11300098,,,,,,,,,,PREPAID,,,,,,,01/01/10,12/31/2099,,PREPAID,11300020336,11300020336,Maersk Deutschland (Hamburg),1548,,,
PIC,MSL,,,,,,,,,,,,11300024509,11300024509,,,11301638,,,,,,,,,,,,,,01/01/10,12/31/2099,,PREPAID,11301638,11301638,Maersk Deutschland (Hamburg),1548,,,
PIC,MSL,,,,,,,,,,,,11300066837,11300001,,,1223440,,,,,,,,,,,,,,01/01/10,12/31/2099,,PREPAID,12200258837,12200258837,Maersk Benelux (Rotterdam),1562,,,
PIC,MSL,,,,,,,,,,,,11300098,11300098,,,,,,,,,,PREPAID,,,,,,,01/01/10,12/31/2099,,PREPAID,11300098,11300098,Maersk Deutschland (Hamburg),1548,,,
PIC,MSL,,,,,,,,,,,,11300127932,11300127932,,,,,,,,,,,,,,,,,01/01/10,12/31/2099,,PREPAID,10700001435,10700001435,Maersk Deutschland (Hamburg),1548,,,
PIC,MSL,,,,,,,,,,,,11300140706,11300001,,,1223440,,,,,,,,,,,,,,01/01/10,12/31/2099,,PREPAID,12200258837,12200258837,Maersk Benelux (Rotterdam),1562,,,
PIC,MSL,,,,,,,,,,,,11300148922,11300098,,,,,,,,,,PREPAID,,,,,,,01/01/10,12/31/2099,,PREPAID,11300148922,11300148922,Maersk Deutschland (Hamburg),1548,,,
PIC,MSL,,,,,,,,,,,,11300171451,11300171451,,,,,,,,,,,,,,,,,01/01/10,12/31/2099,,PREPAID,11300023728,11300023728,Maersk Deutschland (Hamburg),1548,,,
PIC,MSL,,,,,,,,,,,,11300242563,11300242563,,,,,,,,,,,,,,,,,01/01/10,12/31/2099,,PREPAID,12800149842,12800149842,Maersk Switzerland (Zurich),1588,,,
PIC,MSL,,,,,,,,,,,,11300242667,11100027465,,,,,,,,,,,,,,,,,01/01/10,12/31/2099,,PREPAID,11300250419,11300250419,Maersk Deutschland (Hamburg),1548,,,
PIC,MSL,,,,,,,,,,,,11300766648,11300001,,,1223440,,,,,,,,,,,,,,01/01/10,12/31/2099,,PREPAID,12200258837,12200258837,Maersk Benelux (Rotterdam),1562,,,
PIC,MSL,,,,,,,,,,,,11300774056,11300001,,,1223440,,,,,,,,,,,,,,01/01/10,12/31/2099,,PREPAID,12200258837,12200258837,Maersk Benelux (Rotterdam),1562,,,
PIC,MSL,,,,,,,,,,,,11301565,11317428,11300211739,,,,,,,,,,,,,,,,01/01/10,12/31/2099,,PREPAID,11301565,11301565,Maersk Deutschland (Hamburg),1548,,,
PIC,MSL,,,,,,,,,,,,11302991,11300098,,,,,,,,,,PREPAID,,,,,,,01/01/10,12/31/2099,,PREPAID,11302991,11302991,Maersk Deutschland (Hamburg),1548,,,
PIC,MSL,,,,,,,,,,,,11303039,11300098,,,,,,,,,,PREPAID,,,,,,,01/01/10,12/31/2099,,PREPAID,11303039,11303039,Maersk Deutschland (Hamburg),1548,,,
PIC,MSL,,,,,,,,,,,,11304246,11300098,,,,,,,,,,PREPAID,,,,,,,01/01/10,12/31/2099,,PREPAID,11304246,11304246,Maersk Deutschland (Hamburg),1548,,,
PIC,MSL,,,,,,,,,,,,11305634,11300098,,,,,,,,,,PREPAID,,,,,,,01/01/10,12/31/2099,,PREPAID,11305634,11305634,Maersk Deutschland (Hamburg),1548,,,
PIC,MSL,,,,,,,,,,,,11307107,11300098,,,,,,,,,,PREPAID,,,,,,,01/01/10,12/31/2099,,PREPAID,11307107,11307107,Maersk Deutschland (Hamburg),1548,,,
PIC,MSL,,,,,,,,,,,,11310061,11300098,,,,,,,,,,PREPAID,,,,,,,01/01/10,12/31/2099,,PREPAID,11310061,11310061,Maersk Deutschland (Hamburg),1548,,,
PIC,MSL,,,,,,,,,,,,11310415,11300098,,,,,,,,,,PREPAID,,,,,,,01/01/10,12/31/2099,,PREPAID,11310415,11310415,Maersk Deutschland (Hamburg),1548,,,
PIC,MSL,,,,,,,,,,,,11310699,11300098,,,,,,,,,,PREPAID,,,,,,,01/01/10,12/31/2099,,PREPAID,11310699,11310699,Maersk Deutschland (Hamburg),1548,,,
PIC,MSL,,,,,,,,,,,,11311754,11300098,,,,,,,,,,PREPAID,,,,,,,01/01/10,12/31/2099,,PREPAID,11311754,11311754,Maersk Deutschland (Hamburg),1548,,,
PIC,MSL,,,,,,,,,,,,11315805,11300098,,,,,,,,,,PREPAID,,,,,,,01/01/10,12/31/2099,,PREPAID,11315805,11315805,Maersk Deutschland (Hamburg),1548,,,
PIC,MSL,,,,,,,,,,,,11317070,11300098,,,,,,,,,,PREPAID,,,,,,,01/01/10,12/31/2099,,PREPAID,11317070,11317070,Maersk Deutschland (Hamburg),1548,,,
PIC,MSL,,,,,,,,,,,,11317428,11317428,11317428,,,,,,,,,,,,,,,,01/01/10,12/31/2099,,PREPAID,11300221104,11300221104,Maersk Deutschland (Hamburg),1548,,,
PIC,MSL,,,,,,,,,,,,11317940,11300098,,,,,,,,,,PREPAID,,,,,,,01/01/10,12/31/2099,,PREPAID,11317940,11317940,Maersk Deutschland (Hamburg),1548,,,
PIC,MSL,,,,,,,,,,,,11318192,11300098,,,,,,,,,,PREPAID,,,,,,,01/01/10,12/31/2099,,PREPAID,11318192,11318192,Maersk Deutschland (Hamburg),1548,,,
PIC,MSL,,,,,,,,,,,,11318194,11300098,,,,,,,,,,PREPAID,,,,,,,01/01/10,12/31/2099,,PREPAID,11318194,11318194,Maersk Deutschland (Hamburg),1548,,,
PIC,MSL,,,,,,,,,,,,11321305,11300098,,,,,,,,,,PREPAID,,,,,,,01/01/10,12/31/2099,,PREPAID,11321305,11321305,Maersk Deutschland (Hamburg),1548,,,
PIC,MSL,,,,,,,,,,,,11325951,11300098,,,,,,,,,,PREPAID,,,,,,,01/01/10,12/31/2099,,PREPAID,11325951,11325951,Maersk Deutschland (Hamburg),1548,,,
PIC,MSL,,,,,,,,,,,,11327570,11300098,,,,,,,,,,PREPAID,,,,,,,01/01/10,12/31/2099,,PREPAID,11327570,11327570,Maersk Deutschland (Hamburg),1548,,,
PIC,MSL,,,,,,,,,,,,11330292,11300098,,,,,,,,,,PREPAID,,,,,,,01/01/10,12/31/2099,,PREPAID,11330292,11330292,Maersk Deutschland (Hamburg),1548,,,
PIC,MSL,,,,,,,,,,,,11331326,11300098,,,,,,,,,,PREPAID,,,,,,,01/01/10,12/31/2099,,PREPAID,11331326,11331326,Maersk Deutschland (Hamburg),1548,,,
PIC,MSL,,,,,,,,,,,,11333120467,11300098,,,,,,,,,,PREPAID,,,,,,,01/01/10,12/31/2099,,PREPAID,11333120467,11333120467,Maersk Deutschland (Hamburg),1548,,,
PIC,MSL,,,,,,,,,,,,11333120829,11300098,,,,,,,,,,PREPAID,,,,,,,01/01/10,12/31/2099,,PREPAID,11333120829,11333120829,Maersk Deutschland (Hamburg),1548,,,
PIC,MSL,,,,,,,,,,,,11333586,11300098,,,,,,,,,,PREPAID,,,,,,,01/01/10,12/31/2099,,PREPAID,11333586,11333586,Maersk Deutschland (Hamburg),1548,,,
PIC,MSL,,,,,,,,,,,,11335137,11300230464,,,,,,,,,,,,,,,,,01/01/10,12/31/2099,,PREPAID,11335137,11335137,Maersk Deutschland (Hamburg),1548,,,
PIC,MSL,,,,,,,,,,,,11337070,11300001,,,1223440,,,,,,,,,,,,,,01/01/10,12/31/2099,,PREPAID,12200258837,12200258837,Maersk Benelux (Rotterdam),1562,,,
PIC,MSL,,,,,,,,,,,,11337715,11300098,,,,,,,,,,PREPAID,,,,,,,01/01/10,12/31/2099,,PREPAID,11337715,11337715,Maersk Deutschland (Hamburg),1548,,,
PIC,MSL,,,,,,,,,,,,11350060,11300098,,,,,,,,,,PREPAID,,,,,,,01/01/10,12/31/2099,,PREPAID,11350060,11350060,Maersk Deutschland (Hamburg),1548,,,
PIC,MSL,,,,,,,,,,,,11350841,11300098,,,,,,,,,,PREPAID,,,,,,,01/01/10,12/31/2099,,PREPAID,11350841,11350841,Maersk Deutschland (Hamburg),1548,,,
PIC,MSL,,,,,,,,,,,,12200106204,130LPL1,,,,,,,,,,,,,,,,,01/01/10,12/31/2099,,PREPAID,130LPL1,130LPL1,Maersk Line (London),1,,,
PIC,MSL,,,,,,,,,,,,12200121275,12200121275,,,,,,,,,,PREPAID,,,,,,,01/01/10,12/31/2099,,PREPAID,127VCI00104,127VCI00104,"Maersk Spain, Madrid",1578,,,
PIC,MSL,,,,,,,,,,,,12200121275,127VCI00104,,,,,,,,,,PREPAID,,,,,,,01/01/10,12/31/2099,,PREPAID,127VCI00104,127VCI00104,"Maersk Spain, Madrid",1578,,,
PIC,MSL,,,,,,,,,,,,12300038003,43207823SIN,12300038003,,,,,,,,,,,,,,,,01/01/10,12/31/2099,,PREPAID,12200237489,12200237489,Maersk Benelux (Rotterdam),1562,,,
PIC,MSL,,,,,,,,,,,,1283670,11300001,,,1223440,,,,,,,,,,,,,,01/01/10,12/31/2099,,PREPAID,12200258837,12200258837,Maersk Benelux (Rotterdam),1562,,,
PIC,MSL,,,,,,,,,,,,16700129483,16700129483,,,,,,,,,,PREPAID,,,,,,,01/01/10,12/31/2099,,PREPAID,12800151591,12800151591,Maersk LLC (St Petersburg),2438,,,
PIC,MSL,,,,,,,,,,,,,10000007951,,,,,,,,,,,,,,,,,01/01/10,12/31/2099,899,COLLECT,102-1292,102-1292,Maersk Sverige AB -Gothenburg,1526,899,,
PIC,MSL,,,,,,,,,,,,,10000007951,,,,,,,,,,,,,,,,,01/01/10,12/31/2099,999,COLLECT,102-1292,102-1292,Maersk Sverige AB -Gothenburg,1526,999,,
PIC,MSL,,,,,,,,,,,,,12237443,,,,,,,,,,,,,,,,,01/01/10,12/31/2099,,PREPAID,12248803669,12248803669,Maersk Benelux (Rotterdam),1562,,,
PIC,MSL,,,,,,,,,,,,,1283792,,,,,,,,,,,,,,,,,01/01/10,12/31/2099,,PREPAID,12800153227,12800153227,Maersk Switzerland (Zurich),1588,,,
PIC,MSL,,,,,,,,,,,,,24030000110,,,,,,,,,,,,,,,,,01/01/10,12/31/2099,,PREPAID,11311750,11311750,Maersk Deutschland (Hamburg),1548,,,
PIC,SEA,AU,,,,,,,,,,,,40948745513,,,,,,,,,,,,,,,,,01/01/10,12/31/2099,,COLLECT,102-1292,102-1292,Maersk Sverige AB -Gothenburg,1526,,,
PIC,SEA,BD,,,,,,,,,,,,40948745513,,,,,,,,,,,,,,,,,01/01/10,12/31/2099,,COLLECT,10200022130,10200022130,Maersk Sverige AB -Gothenburg,1526,,,
PIC,SEA,DE,JP,,,,,,,,,297945632,1071271,1071271,,,,,,,,,,,,,,,,,01/01/10,12/31/2099,,PREPAID,1071271,1071271,Maersk Deutschland (Hamburg),1548,,,
PIC,SEA,DE,,,,,,,,,,,,40948745513,,,,,,,,,,,,,,,,,01/01/10,12/31/2099,,PREPAID,102-1292,102-1292,Maersk Sverige AB -Gothenburg,1526,,,
PIC,SEA,LK,,,,,,,,,,,,40948745513,,,,,,,,,,,,,,,,,01/01/10,12/31/2099,,COLLECT,10200022130,10200022130,Maersk Sverige AB -Gothenburg,1526,,,
PIC,SEA,MY,AU,,,,,,,,,,,40948745513,,,,,,,,,,,,,,,,,01/01/10,12/31/2099,,COLLECT,10200022130,10200022130,Maersk Sverige AB -Gothenburg,1526,,,
PIC,SEA,MY,,,,,,,,,,,,40948745513,,,,,,,,,,,,,,,,,01/01/10,12/31/2099,,COLLECT,102-1292,102-1292,Maersk Sverige AB -Gothenburg,1526,,,
PIC,SEA,NL,JP,,,,,,,,,297945632,1071271,1071271,,,,,,,,,,,,,,,,,01/01/10,12/31/2099,,PREPAID,1071271,1071271,Maersk Deutschland (Hamburg),1548,,,
PIC,SEA,NL,,,,,,,,,,,,40948745513,,,,,,,,,,,,,,,,,01/01/10,12/31/2099,,COLLECT,102-1292,102-1292,Maersk Sverige AB -Gothenburg,1526,,,
PIC,SEA,RO,,,,,,,,,,,,40948745513,,,,,,,,,,,,,,,,,01/01/10,12/31/2099,,COLLECT,102-1292,102-1292,Maersk Sverige AB -Gothenburg,1526,,,
PIC,SEA,SG,AU,,,,,,,,,,,40948745513,,,,,,,,,,,,,,,,,01/01/10,12/31/2099,,COLLECT,10200022130,10200022130,Maersk Sverige AB -Gothenburg,1526,,,
PIC,SEA,SG,,,,,,,,,,,,40948745513,,,,,,,,,,,,,,,,,01/01/10,12/31/2099,,COLLECT,102-1292,102-1292,Maersk Sverige AB -Gothenburg,1526,,,
PIC,SEA,SI,JP,,,,,,,,,297945632,1071271,1071271,,,,,,,,,,,,,,,,,01/01/10,12/31/2099,,PREPAID,1071271,1071271,Maersk Deutschland (Hamburg),1548,,,
,,,,,,,,,,,,,,,,,,,,,,,,,,,,,,,,,,,,,,,,,
PIC,SGL,AU,,,,,,,,,,,,40948745513,,,,,,,,,,,,,,,,,01/01/10,12/31/2099,,COLLECT,102-1292,102-1292,Maersk Sverige AB -Gothenburg,1526,,,
PIC,SGL,BD,,,,,,,,,,,,40948745513,,,,,,,,,,,,,,,,,01/01/10,12/31/2099,,COLLECT,10200022130,10200022130,Maersk Sverige AB -Gothenburg,1526,,,
PIC,SGL,BE,DZ,,,,,,,,,,11300001,11300001,,,12200258837,,,,,,,,,,,,,,01/01/10,12/31/2099,,PREPAID,12200258837,12200258837,Seago Netherlands (Rotterdam),8081,,,
PIC,SGL,BE,EG,,,,,,,,,,11311666,,10700003302,211000109,,,,,,,,,,,,,,,01/01/10,12/31/2099,,PREPAID,11311666,11311666,Seago Deutschland (Hamburg),8080,,,
PIC,SGL,BE,EG,,,,,,,,,,11311666,,10700003302,21100161203,,,,,,,,,,,,,,,01/01/10,12/31/2099,,PREPAID,11311666,11311666,Seago Deutschland (Hamburg),8080,,,
PIC,SGL,BE,EG,,,,,,,,,,11311666,,211000109,211000109,,,,,,,,,,,,,,,01/01/10,12/31/2099,,PREPAID,11311666,11311666,Seago Deutschland (Hamburg),8080,,,
PIC,SGL,BE,,,,,,,,,,,111170037,111170037,,,,,,,,,,,,,,,,,01/01/10,12/31/2099,,PREPAID,11300150918,11300150918,Seago Deutschland (Hamburg),8080,,,
PIC,SGL,BE,,,,,,,,,,,11300001,11300001,,,12200258837,,,,,,,,,,,,,,01/01/10,12/31/2099,,PREPAID,12200258837,12200258837,Seago Netherlands (Rotterdam),8081,,,
PIC,SGL,BE,,,,,,,,,,,11300001,,,,1223440,,,,,,,,,,,,,,01/01/10,12/31/2099,,PREPAID,1223440,1223440,Seago Netherlands (Rotterdam),8081,,,
PIC,SGL,BE,,,,,,,,,,,,11300001,,,10820000575,,,,,,,PREPAID,,,,,,,01/01/10,12/31/2099,,PREPAID,10820000575,10820000575,Seago Belgium (Antwerp),8007,,,
PIC,SGL,BE,,,,,,,,,,,,11300001,,,10820400001,,,,,,,PREPAID,,,,,,,01/01/10,12/31/2099,,PREPAID,10820400001,10820400001,Seago Belgium (Antwerp),8007,,,
PIC,SGL,BE,,,,,,,,,,,,11300001,,,11301638,,,,,,,PREPAID,,,,,,,01/01/10,12/31/2099,,PREPAID,11301638,11301638,Seago Deutschland (Hamburg),8080,,,
PIC,SGL,BE,,,,,,,,,,,,11300001,,,11312233,,,,,,,PREPAID,,,,,,,01/01/10,12/31/2099,,PREPAID,11312233,11312233,Seago Deutschland (Hamburg),8080,,,
PIC,SGL,BE,,,,,,,,,,,,11300001,,,12234246,,,,,,,PREPAID,,,,,,,01/01/10,12/31/2099,,PREPAID,12234246,12234246,Seago Netherlands (Rotterdam),8081,,,
PIC,SGL,CH,,,,,,,,,,,11300001,,,,1223440,,,,,,,,,,,,,,01/01/10,12/31/2099,,PREPAID,1223440,1223440,Seago Netherlands (Rotterdam),8081,,,
PIC,SGL,DE,EG,,,,,,,,,,11311666,,,211000109,,,,,,,,,,,,,,,01/01/10,12/31/2099,,PREPAID,11311666,11311666,Seago Deutschland (Hamburg),8080,,,
PIC,SGL,DE,EG,,,,,,,,,,11311666,,,21100161203,,,,,,,,,,,,,,,01/01/10,12/31/2099,,PREPAID,11311666,11311666,Seago Deutschland (Hamburg),8080,,,
PIC,SGL,DE,JP,,,,,,,,,297945632,1071271,1071271,,,,,,,,,,,,,,,,,01/01/10,12/31/2099,,PREPAID,1071271,1071271,Maersk Deutschland (Hamburg),1548,,,
PIC,SGL,DE,MA,,,,,,,,,,11312907,11312907,,,,,,,,,,,,,,,,,01/01/10,12/31/2099,,PREPAID,11312907,11312907,Seago Deutschland (Hamburg),8080,,,
PIC,SGL,DE,,,,,,,,,,,111170037,111170037,,,,,,,,,,,,,,,,,01/01/10,12/31/2099,,PREPAID,11300150918,11300150918,Seago Deutschland (Hamburg),8080,,,
PIC,SGL,DE,,,,,,,,,,,111170037,111900279,,,,,,,,,,,,,,,,,01/01/10,12/31/2099,,PREPAID,11300150918,11300150918,Seago Deutschland (Hamburg),8080,,,
PIC,SGL,DE,,,,,,,,,,,11300001,,,,12200258837,,,,,,,PREPAID,,,,,,,01/01/10,12/31/2099,,PREPAID,12200258837,12200258837,Seago Netherlands (Rotterdam),8081,,,
PIC,SGL,DE,,,,,,,,,,,11300001,,,,1223440,,,,,,,,,,,,,,01/01/10,12/31/2099,,PREPAID,1223440,1223440,Seago Netherlands (Rotterdam),8081,,,
PIC,SGL,DE,,,,,,,,,,,,11300001,,,10820000575,,,,,,,PREPAID,,,,,,,01/01/10,12/31/2099,,PREPAID,10820000575,10820000575,Seago Belgium (Antwerp),8007,,,
PIC,SGL,DE,,,,,,,,,,,,11300001,,,10820400001,,,,,,,PREPAID,,,,,,,01/01/10,12/31/2099,,PREPAID,10820400001,10820400001,Seago Belgium (Antwerp),8007,,,
PIC,SGL,DE,,,,,,,,,,,,11300001,,,11301638,,,,,,,PREPAID,,,,,,,01/01/10,12/31/2099,,PREPAID,11301638,11301638,Seago Deutschland (Hamburg),8080,,,
PIC,SGL,DE,,,,,,,,,,,,11300001,,,11312233,,,,,,,PREPAID,,,,,,,01/01/10,12/31/2099,,PREPAID,11312233,11312233,Seago Deutschland (Hamburg),8080,,,
PIC,SGL,DE,,,,,,,,,,,,11300001,,,12234246,,,,,,,PREPAID,,,,,,,01/01/10,12/31/2099,,PREPAID,12234246,12234246,Seago Netherlands (Rotterdam),8081,,,
PIC,SGL,DE,,,,,,,,,,,,40948745513,,,,,,,,,,,,,,,,,01/01/10,12/31/2099,,PREPAID,102-1292,102-1292,Maersk Sverige AB -Gothenburg,1526,,,
PIC,SGL,ES,,,,,,,,,,,111170037,111170037,,,,,,,,,,,,,,,,,01/01/10,12/31/2099,,PREPAID,127020826,127020826,"Seago Spain, Madrid",8058,,,
PIC,SGL,ES,,,,,,,,,,,111170037,111900279,,,,,,,,,,,,,,,,,01/01/10,12/31/2099,,PREPAID,127020826,127020826,"Seago Spain, Madrid",8058,,,
PIC,SGL,FR,,,,,,,,,,,111170037,111170037,,,,,,,,,,,,,,,,,01/01/10,12/31/2099,,PREPAID,111170037,111170037,Seago France (Le Havre),8077,,,
PIC,SGL,FR,,,,,,,,,,,111170037,111900279,,,,,,,,,,,,,,,,,01/01/10,12/31/2099,,PREPAID,111170037,111170037,Seago France (Le Havre),8077,,,
PIC,SGL,GB,,,,,,,,,,,111170037,111170037,,,,,,,,,,,,,,,,,01/01/10,12/31/2099,,PREPAID,130BGH8617,130BGH8617,Seago Line (Liverpool),8073,,,
PIC,SGL,GB,,,,,,,,,,,111170037,111900279,,,,,,,,,,,,,,,,,01/01/10,12/31/2099,,PREPAID,130BGH8617,130BGH8617,Seago Line (Liverpool),8073,,,
PIC,SGL,HU,,,,,,,,,,55310683,11600007720,1282006,,,,,,,,,,,,,,,,,01/01/10,12/31/2099,,PREPAID,12800157843,12800157843,Seago Switzerland (Zurich),8082,,,
PIC,SGL,HU,,,,,,,,,,,111170037,111170037,,,,,,,,,,,,,,,,,01/01/10,12/31/2099,,PREPAID,11600033727,11600033727,Seago Hungary (Budapest),8025,,,
PIC,SGL,HU,,,,,,,,,,,111170037,111900279,,,,,,,,,,,,,,,,,01/01/10,12/31/2099,,PREPAID,11600033727,11600033727,Seago Hungary (Budapest),8025,,,
PIC,SGL,IT,,,,,,,,,,,111170037,111170037,,,,,,,,,,,,,,,,,01/01/10,12/31/2099,,PREPAID,118005592,118005592,Seago Italia (Genoa),8030,,,
PIC,SGL,IT,,,,,,,,,,,111170037,111900279,,,,,,,,,,,,,,,,,01/01/10,12/31/2099,,PREPAID,118005592,118005592,Seago Italia (Genoa),8030,,,
PIC,SGL,LK,,,,,,,,,,,,40948745513,,,,,,,,,,,,,,,,,01/01/10,12/31/2099,,COLLECT,10200022130,10200022130,Maersk Sverige AB -Gothenburg,1526,,,
PIC,SGL,MY,AU,,,,,,,,,,,40948745513,,,,,,,,,,,,,,,,,01/01/10,12/31/2099,,COLLECT,10200022130,10200022130,Maersk Sverige AB -Gothenburg,1526,,,
PIC,SGL,MY,,,,,,,,,,,,40948745513,,,,,,,,,,,,,,,,,01/01/10,12/31/2099,,COLLECT,102-1292,102-1292,Maersk Sverige AB -Gothenburg,1526,,,
PIC,SGL,NL,JP,,,,,,,,,297945632,1071271,1071271,,,,,,,,,,,,,,,,,01/01/10,12/31/2099,,PREPAID,1071271,1071271,Maersk Deutschland (Hamburg),1548,,,
PIC,SGL,NL,MA,,,,,,,CY,CY,,11303771,130LPL1,,,,,,,,,,,,,,,,,01/01/10,12/31/2099,,PREPAID,130LPL1,130LPL1,Seago Line (Liverpool),8073,,,
PIC,SGL,NL,MA,,,,,,,CY,SD,,11303771,130LPL1,,,,,,,,,,,,,,,,,01/01/10,12/31/2099,,PREPAID,130LPL1,130LPL1,Seago Line (Liverpool),8073,,,
PIC,SGL,NL,,,,,,,,,,,111170037,111170037,,,,,,,,,,,,,,,,,01/01/10,12/31/2099,,PREPAID,11300150918,11300150918,Seago Deutschland (Hamburg),8080,,,
PIC,SGL,NL,,,,,,,,,,,11300001,,,,1223440,,,,,,,,,,,,,,01/01/10,12/31/2099,,PREPAID,1223440,1223440,Seago Netherlands (Rotterdam),8081,,,
PIC,SGL,NL,,,,,,,,,,,,11300001,,,10820000575,,,,,,,PREPAID,,,,,,,01/01/10,12/31/2099,,PREPAID,10820000575,10820000575,Seago Belgium (Antwerp),8007,,,
PIC,SGL,NL,,,,,,,,,,,,11300001,,,10820400001,,,,,,,PREPAID,,,,,,,01/01/10,12/31/2099,,PREPAID,10820400001,10820400001,Seago Belgium (Antwerp),8007,,,
PIC,SGL,NL,,,,,,,,,,,,11300001,,,11301638,,,,,,,PREPAID,,,,,,,01/01/10,12/31/2099,,PREPAID,11301638,11301638,Seago Deutschland (Hamburg),8080,,,
PIC,SGL,NL,,,,,,,,,,,,11300001,,,11312233,,,,,,,PREPAID,,,,,,,01/01/10,12/31/2099,,PREPAID,11312233,11312233,Seago Deutschland (Hamburg),8080,,,
PIC,SGL,NL,,,,,,,,,,,,11300001,,,12234246,,,,,,,PREPAID,,,,,,,01/01/10,12/31/2099,,PREPAID,12234246,12234246,Seago Netherlands (Rotterdam),8081,,,
PIC,SGL,NL,,,,,,,,,,,,40948745513,,,,,,,,,,,,,,,,,01/01/10,12/31/2099,,COLLECT,102-1292,102-1292,Maersk Sverige AB -Gothenburg,1526,,,
PIC,SGL,PL,,,,,,,,,,,111170037,111170037,,,,,,,,,,,,,,,,,01/01/10,12/31/2099,,PREPAID,1230501,1230501,Seago Polska Sp - Gdynia,8039,,,
PIC,SGL,PL,,,,,,,,,,,111170037,111900279,,,,,,,,,,,,,,,,,01/01/10,12/31/2099,,PREPAID,1230501,1230501,Seago Polska Sp - Gdynia,8039,,,
PIC,SGL,RO,,,,,,,,,,,111170037,111170037,,,,,,,,,,,,,,,,,01/01/10,12/31/2099,,PREPAID,125181455,125181455,Seago Romania SRL (Bucharest),8043,,,
PIC,SGL,RO,,,,,,,,,,,111170037,111900279,,,,,,,,,,,,,,,,,01/01/10,12/31/2099,,PREPAID,125181455,125181455,Seago Romania SRL (Bucharest),8043,,,
PIC,SGL,RO,,,,,,,,,,,,40948745513,,,,,,,,,,,,,,,,,01/01/10,12/31/2099,,COLLECT,102-1292,102-1292,Maersk Sverige AB -Gothenburg,1526,,,
PIC,SGL,SG,AU,,,,,,,,,,,40948745513,,,,,,,,,,,,,,,,,01/01/10,12/31/2099,,COLLECT,10200022130,10200022130,Maersk Sverige AB -Gothenburg,1526,,,
PIC,SGL,SG,,,,,,,,,,,,40948745513,,,,,,,,,,,,,,,,,01/01/10,12/31/2099,,COLLECT,102-1292,102-1292,Maersk Sverige AB -Gothenburg,1526,,,
PIC,SGL,SI,JP,,,,,,,,,297945632,1071271,1071271,,,,,,,,,,,,,,,,,01/01/10,12/31/2099,,PREPAID,1071271,1071271,Maersk Deutschland (Hamburg),1548,,,
PIC,SGL,TR,RU,,,,,,,,,,12900083819,12900083819,,16700150506,,,,,,,,,,,,,,,01/01/10,12/31/2099,,PREPAID,12900125885,12900125885,Seago Denizcilik (Istanbul),8066,,,
PIC,SGL,,,,,,,,,,,,1070027,1070027,,,,,,,,,,,,,,,,,01/01/10,12/31/2099,,PREPAID,12800149842,12800149842,Seago Switzerland (Zurich),8082,,,
PIC,SGL,,,,,,,,,,,,11300127932,11300127932,,,,,,,,,,,,,,,,,01/01/10,12/31/2099,,PREPAID,10700001435,10700001435,Seago Line Osterreich (Vienna),8005,,,
PIC,SGL,,,,,,,,,,,,,24030000110,,,,,,,,,,,,,,,,,01/01/10,12/31/2099,,PREPAID,11311750,11311750,Seago Deutschland (Hamburg),8080,,,
ILH,MCC,ID,DE,,,,,,,,,,41100001022,11302077,,,,,,,,,,,,,,,,,,,,COLLECT,11303769,,,,,,
ILH,MCPU,ID,DE,,,,,,,,,,41100001022,11302077,,,,,,,,,,,,,,,,,,,,COLLECT,,,,,,,
ILH,MSL,CN,DE,,,,,,,,,,10000007951,10000007951,,,,,,,,,,,,,,,,,,,,COLLECT,10000007951,10000007951,Maersk Line Denmark,1522,,,
ILH,MSL,DE,DE,,,,,,,,,,,1231231,,,,,,,,,,,,,,,,,,,9999,COLLECT,10000007951,10000007951,Maersk Line Denmark,1522,,,
ILH,MSL,DE,DE,,,,,,,,,,,12345,,,,,,,,,,,,,,,,,,,1999,COLLECT,10000007951,10000007951,Maersk Line Denmark,,1999,,
ILH,MSL,DE,DE,,,,,,,,,,,4444,,,,,,,,,,,,,,,,,,,1999,COLLECT,,,Maersk Line Denmark,,1999,,
ILH,MSL,DE,RE,,,,,,,,,,100000079510,100000079510,,,,,,,,,,,,,,,,,,,,COLLECT,10011111376,10000005980,Maersk Line Denmark,,,,
ILH,MSL,DE,US,,,,,,,,,,,10000005980,,,,,,,,,,,,,,,,,,,,COLLECT,10000007951,10000007951,Maersk Line Denmark,,,,
ILH,MSL,ID,DE,,,,,,,,,,41100001022,11302077,,,,,,,,,,,,,,,,,,,,COLLECT,11303769,11303769,Maersk Deutschland (Hamburg),,,,
ILH,MSL,PK,DE,,,,,,,,,,42748702553,11302077,,,,,,,,,,,,,,,,,1/1/2023,12/21/2023,,COLLECT,110003769,110003769,Maersk Deutschland (Hamburg),,,,
ILH,MSL,SG,SG,,,,,,,,,,305S3609SPA,305S3609SPA,,,,,,,,,,COLLECT,,,,,,,7/20/2023,8/10/2023,,COLLECT,11303769,11303769,Maersk1 Deutschland (Hamburg),,,,
ILH,MSL,,,,,,,,,,,,,,,10000007951,,,,,,,,,,,,,,,,,2024,COLLECT,10000007951,10000007951,1522,Maersk Line Denmark,1522,,
ILH,SGL,ID,DE,,,,,,,,,,41100001022,11302077,,,,,,,,,,,,,,,,,,,,COLLECT,,,Maersk Deutschland (Hamburg),,,,